CarPark,Category,WeekDays_Rate_1,WeekDays_Rate_2,Saturday_Rate,Sunday_PublicHoliday_Rate
25 Toa Payoh Lorong 8,"Central, North & North East",Daily: $1.30 / 30 Mins,-,-,-
45 Burghley Drive,"Central, North & North East",$0.018 /min,$0.018 /min,$0.018 /min,$0.018 /min
Ang Mo Kio Hub,"Central, North & North East",Mon-Fri: $1.20 for 1st hr; $0.60 for sub. ½ hr or part thereof.,-,"Sat, Sun / Ph: $1.30 for 1st hr; $0.65 for sub. ½ hr or part thereof.",Same as Saturday
Balestier Plaza,"Central, North & North East",Daily: $1.12 per hr,-,-,-
Balestier Point,"Central, North & North East",8am-10pm: $1.20 per hr,Aft 10pm: $2 per entry,Same as wkdays,$2 per entry
Bras Basah Complex,"Central, North & North East",7am-5pm: $1 for ½ hr,5pm-1am: $0.50 for ½ hr,Same as wkdays,7am-1am: $0.50 for ½ hr
Causeway Point,"Central, North & North East",7am-10.30pm: $1.20 for 1st hr or part thereof; $0.60 for sub.½ hr or part thereof.,7am-10.30pm: $1.20 for 1st hr or part thereof; $0.60 for sub. ½ hr or part thereof.,7am-12 midnight: $1.20 for 1st hr or part thereof; $0.60 for sub. ½ hr or part thereof.,Same as Saturday
Central Place,"Central, North & North East",$1.80 for 1st hr; $0.85 for ½ hr,$1.80 for 1st hr; $0.85 for ½ hr,$1.80 for 1st hr; $0.85 for ½ hr,$2.50 per entry
City Square Mall,"Central, North & North East",7am-6pm: $1.20 for 1st hr; $0.60 for sub. 30 mins or part thereof.,6pm-3.30am: $3 per entry.,7am-6pm: $1.40 for 1st hr; $0.70 for sub. 30 mins; 6pm-3.30am: $3.50 per entry.,Same as Saturday
Compass Point,"Central, North & North East",Daily(7am-11pm): $1.20 for 1st hr or part thereof; $0.60 for sub. ½ hr or part thereof.,-,-,-
Goldhill Plaza,"Central, North & North East",7am-5.30pm: $1.60 for 1st hr; $1 for sub. ½ hr,5.30pm-12am: $2 per entry,7am-5.30pm: $1 per hr; Aft 5.30pm: $2 per entry,Same as Saturday
Heartland Mall,"Central, North & North East",7am-10.30pm: $1 per hr,Aft 10.30pm: $2 per hr,Same as wkdays,Same as wkdays
Hindoo Road Off-Street,"Central, North & North East",Daily: 0700-0700: $0.50 / 30 mins (Per Minute Charging),-,-,-
Hougang Green Shopping Mall,"Central, North & North East",7am-5pm: $1.07 for 1st hr; $0.55 for sub. ½ hr,Aft 5pm: $1.20 per entry,Same as wkdays,7am-12am: $2.15 per entry; Aft 12am: $1.20 per entry
Hougang Mall,"Central, North & North East",1st hr: $1.20;  2nd hr: $0.70 per ½ hr; 3rd hr onwards: $1 per ½ hr,1st hr: $1.20;  2nd hr: $0.70 per ½ hr; 3rd hr onwards: $1 per ½ hr,1st hr: $1.30;  2nd hr: $0.70 per ½ hr; 3rd hr onwards: $1 per ½ hr,Same as Saturday
Hougang Plaza,"Central, North & North East",5am-5pm: $0.40 for ½ hr,Aft 5pm: $1.50 per entry,Same as wkdays,$1.50 per entry
Junction 8 Shopping Centre,"Central, North & North East",12am-5.59pm - $1.07 for 1st hr; $0.32 for sub. 15 mins,Mon-Thu: 6pm-11.59pm: $2.14 per entry; Fri/Eve of PH: 6pm-2.59am: $2.14 per entry,3am-5.59pm: $2.14 for 1st 2hrs; $0.32 for sub. 15 mins; 6pm-2.59am: $2.14 per entry,3am-5.59pm: $2.14 for 1st 2hrs; $0.32 for sub. 15 mins; 6pm-11.59pm: $2.14 per entry
Kampong Bugis Off-Street,"Central, North & North East",Daily: 0700-0700: $0.50 /30 mins (Per Minute Charging),-,-,-
Kampong Kapor Road Off-Street,"Central, North & North East",Daily: 0700-0700: $0.50 /30 mins (Per Minute Charging),-,-,-
Mustafa Centre,"Central, North & North East",Daily: 1st hr: Free; $2 for sub. hr,-,-,-
Nex Mall,"Central, North & North East",Mon-Fri: $1.30 for 1st hr; $0.65 for sub. ½ hr,-,"Sat, Sun / Ph: $1.40 for 1st hr; $0.70 for sub. ½ hr",Same as Saturday
Northpoint Shopping Centre,"Central, North & North East",Daily: $1.20 for 1st hr or part thereof; $0.80 for sub. ½ hr or part thereof.,-,-,-
Parliament House,"Central, North & North East",8.01am-6pm: $1.13 per ½ hr (per min basis),6.01pm-8am: $2.06 per entry,Same as wkdays,$2.06 per entry
Ramada Hotel,"Central, North & North East",6am-6pm: $1.60 per hr,Aft 6pm: $2.20 per entry,Same as wkdays,Same as wkdays
Rivervale Mall,"Central, North & North East","Daily: $1.28 for 1st hr, $0.64 for sub. 30 mins or part thereof.",-,-,-
Sembawang Shopping Centre,"Central, North & North East",12am-11.59pm: $1.20 for 1st hr; $0.32 for sub. 15 mins,$1.20 for 1st hr; $0.30 for sub. 15 mins,Same as wkdays,Same as wkdays
Shaw Plaza,"Central, North & North East",8am-5pm: $1.04 for 1st hr; $0.53 for sub. ½ hr,Aft 5pm: $1.55 per entry,Same as wkdays,Same as wkdays
Shrewsbury Road Off-Street,"Central, North & North East","Daily, 0700-0700: $0.50 /30 mins (Per Minute Charging)",-,-,-
Square 2,"Central, North & North East",7am-6pm: $1.60 for 1st hr; $0.80 for sub. ½ hr,Aft 6pm: $2.20 per entry,Same as wkdays,$2.20 for 1st 4hrs; $1.10 for sub. ½ hr; Aft 6pm: $2.20 per entry
Sun Plaza,"Central, North & North East",7am-5pm: $1.20 for 1st hr; $0.65 for sub. ½ hr,5pm-11pm: $2.20 per entry; Aft 11pm: $3.30 per entry,Same as wkdays,Same as wkdays
The Verge,"Central, North & North East",7am-5pm: $1.60 per hr,5pm-12am: $2.50 per entry; Aft 12am: $1.30 per hr,Same as wkdays,7am-12am: $2.50 per entry; Aft 12am: $2 per hr
Thomson Plaza,"Central, North & North East",7am-12am: $1 for 1st hr; $0.60 for sub. ½ hr,7am-12am: $1 for 1st hr; $0.60 for sub. ½ hr,7am-11am & 4pm-12am: $1.20 for 1st hr; $0.70 for sub. ½ hr; 11am-4pm: $1.20 for 1st hr; $1 for sub. ½ hr,Same as Saturday
Toa Payoh HDB Hub,"Central, North & North East",7am-6pm: $0.50 per ½ hr,6pm-1am: $1 per entry; Aft 10.30pm: $2 per entry,Same as wkdays,7am-1am: $1 per entry; Aft 10.30pm: $2 per entry
United Square Shopping Mall,"Central, North & North East",7pm-6pm: $2.20 for 1st hr; $1.10 for sub. hr,Aft 6pm: $2 per entry,7am-6pm: $2.20 for 1st 2hrs; $1.10 for sub. hr; Aft 6pm: $2 per entry,Same as Saturday
Velocity @ Novena Square,"Central, North & North East",6am-6pm: $1.60 for 1st hr; $0.80 for sub. ½ hr,Aft 6pm: $2.20 per entry,Same as wkdays,Same as wkdays
Yishun YS-ONE,"Central, North & North East",0700-2230: $0.0167 /min,2230-0700: $0.0167 /min ;(Capped at $4.00),Same as wkdays,"0700-2230: Free Parking, 2230-0700: $0.0167/min (Capped at $4.00)"
112 Katong,East,6am-9.59am: $0.54 for 1st hr; $0.16 for sub. 15mins. 10am-5.59pm: $1.07 for 1st hr; $0.27 for sub. 15mins.,6pm-8.59pm:$1.28 for 1st 30mins; $0.65 for sub. 15mins. 9pm-5.59am: $0.54 for 1st hr; $0.16 for sub. 15mins.,6am-9.59am: $0.54 for 1st hr; $0.16 for sub. 15mins. 10am-8.59pm: $1.28 for 1st 30mins; $0.65 for sub. 15mins. 9pm-5.59am: $0.54 for 1st hr; $0.16 for sub. 15mins.,Same as Saturday
Bedok Mall,East,"Daily: 12-11.59pm: $1.50 for 1st hr, $0.40 for sub. 15 mins",-,-,-
Bedok Point,East,$1.20 for 1st hr or part thereof; $0.70 for sub ½ hr or part thereof.,$1.20 for 1st hr or part thereof; $0.70 for sub ½ hr or part thereof.,Same as wkdays,Same as wkdays
Century Square,East,3.01am-6pm: S$1.07 for 1st hr and S$0.32 every 15 mins or part thereof.,6.01am-3am: $2.14 per entry,3.01am-6pm:S$0.32 every 15 mins or part thereof; 6.01am-3am:$2.14 per entry.,Same as Saturday
Changi Airport - South Car Park (between T2 and JetQuay),East,"$0.035 per min. Capped at $35 per 24hrs. (Limited parking spaces and on a first-come, first-served basis)",$0.035 per min. Capped at $35 per 24hrs.,$0.035 per min. Capped at $35 per 24hrs.,Same as Saturday
"Changi Airport - T1, T2, T3",East,"$0.04 per min      *Based on the per-minute rate of S$0.04, 24 hours of parking will be S$57.60.",$0.04 per min,$0.04 per min,Same as Saturday
Changi City Point,East,7.01am-6pm: $0.70 per ½ hr or part thereof.,6.01pm-7am: $2.50 per entry,7.01am-5pm: $2.50 for 1st 2hrs or part thereof; $1.20 for sub. ½ hr or part thereof. 5.01pm-7am: $2.50 per entry,Same as Saturday
Changi Village Hotel,East,8am-6pm: $2 for 1st hr; $1.50 for sub. hr,Aft 6pm: $5.35 per entry,Same as wkdays,Same as wkdays
City Plaza,East,8am-5pm: $1.10 for 1st hr; $0.70 for sub. ½ hr,5pm-12am: $1.20 per entry; Aft 12am: $2.40 per entry,Same as wkdays,7am-12am: $1.20 per entry; Aft 12am: $2.40 per entry
D'Resort,East,"Mon-Thu (excluding PH, Eve of PH & School Holiday) $0.024 per min; Max/day: $15 (Valid up to 12 midnight and not applicable for multiple entries).","Mon-Thu (excluding PH, Eve of PH & School Holiday) $0.024 per min; Max/day: $15 (Valid up to 12 midnight and not applicable for multiple entries).","Fri-Sat (Including PH, Eve of PH & School Holiday) $0.024 per min; 5pm-12am: $5 per entry. Max/day: $19.",Same as Saturday
Downtown East,East,"Mon-Thu (excluding PH, Eve of PH & School Holiday) $0.024 per min; Max/day: $12.50 (Valid up to 12 midnight and not applicable for multiple entries).","Mon-Thu (excluding PH, Eve of PH & School Holiday) 5pm-12am: $2.40 per entry. Max/day:$12.50; Fri: $3.40 per entry.","Fri-Sat (Including PH, Eve of PH & School Holiday) $0.024 per min; 5pm-12am: $3.40 per entry. Max/day: $16.",Same as Saturday
East Coast Park E1/E2/E3 Off-Street,East,Daily: 0700-0700: $0.50 /30 Mins (Per Minute Charging),-,-,-
Eastpoint Mall,East,"Daily: $1.20 for 1st hr or part thereof, $0.30 for sub. 15 mins or part thereof.",-,Same as wkdays,Same as wkdays
Grand Mecure Roxy Hotel,East,Daily: $1.60 per hr,-,-,-
IKEA (Tampines),East,Daily free: 7am-11pm,-,-,-
Katong Shopping Centre,East,7am-6pm: $1 per hr,Aft 6pm: $2 per entry,Same as wkdays,$2 per entry
Katong Village,East,8am-6pm: $2.20 per hr,Aft 6pm: $6 per entry,Same as wkdays,Same as wkdays
Lifelong Learning Institute,East,6am-5:59pm: $0.90 per ½ hr. Full Day Parking-6am-11:59pm: $16.,6pm-11.59pm: $3.21 per entry; 12am-5.59am: $12 per entry,Same as wkdays,6am-11:59pm: $3.21 per entry; 12am-5.59am: $12 per entry
Paramount Hotel,East,8am-5pm: $0.60 per ½ hr,Aft 5pm: $2.50 per entry,Same as wkdays,$2.50 per entry
Parkway Parade,East,6am-6pm: $1 for 1st hr;  $0.40 for sub. ½ hr,6pm-2am: $1.50 per entry; Aft 2am: $20 per entry,6am-10am: $0.50 for 1st hr; $0.40 for sub.15 mins; 10am-6pm: $1.30 for 1st hr; $0.40 for sub. 15 mins; 6pm-2am: $2.10 per entry. Aft 2am: $20 per entry,Same as Saturday
Roxy Square,East,7am-6pm: $1.20 for 1st hr; $1.40 for sub. hr,5pm-12am: $2.50 per entry,Same as wkdays,Same as wkdays
Singapore Expo,East,Daily: $3.20 for 1st 2hrs; $1.50 for sub. ½ hr (Maximum Daily Charge:$20),-,Same as wkdays,Same as wkdays
Singapore Post Centre,East,"7am-5pm: $1.60 for 1st hr, $1.00 for next sub  ½ hr","5pm-12am: $3/entry. 12am-7am: $1.60 for 1st hr, $1.00 for next sub ½ hr.","7am-1pm: $1.60 for 1st hr, $1 for next sub  ½ hr. 1pm-12am: $3 per entry; 12am-7am $1.60 for 1st hr, $1.00 for next sub ½ hr.","7am-12am: $3 per entry; 12am-7am $1.60 for 1st hr, $1.00 for next sub ½ hr ."
Tampines 1,East,1st hr $1.07; 2nd hr $0.55 per ½ hr; Aft 2hrs: $0.35 per 15 mins,1st hr $1.07; 2nd hr $0.55 per ½ hr; Aft 2hrs: $0.35 per 15 mins,1st hr $1.28; 2nd hr $0.60 per ½ hr; Aft 2hrs: $0.45 per 15 mins,Same as Saturday
Tampines Junction,East,8am-5pm: $1 for 1st hr; $0.50 for sub. ½ hr,Aft 5pm: $2 per entry,"Charges same as wkdays, but closed after 2pm",Closed
Tampines Mall,East,12am-5:59pm: $1.07 for 1st hr; $0.32 for sub. 15mins,Mon-Thu: 6pm-11.59pm: $2.14 per entry; Fri & Eve of PH: 6pm-2.59am: $2.14 per entry,3am-5.59pm: $2.14 for 1st 2hrs; $0.32 for sub. 15mins; 6pm-2.59am: $2.14 per entry,3am-5.59pm: $2.14 for 1st 2hrs; $0.32 for sub. 15mins; 6pm-11.59am: $2.14 per entry
Tampines Plaza (Compaq Centre),East,8am-5pm: $1 per ½ hr,Aft 5pm: $2 per entry,Same as wkdays,$2 per entry
Telepark,East,Daily: 7am-10pm: $0.70 per ½ hr (An additional surcharge of $22 per exit after 10pm),-,-,-
White Sands Shopping Centre,East,7am-7pm: $1.20 per hr for 1st 2hrs; $1.20 for sub. ½ hr,Aft 7pm: $2 per entry,Same as wkdays,Same as wkdays
Amara Hotel,Hotels,8am-4.59pm: $2 per ½ hr,5pm-7.59am (the following day) : $3 per entry,Same as wkdays,$3 per entry
Berjaya Hotel,Hotels,8.30am-5pm: $1 per ½ hr,5pm-10pm: $1 per hr; Aft 10pm: Free,Same as wkdays,8.30am-10pm: $1 per hr. Aft 10pm: Free
Carlton Hotel,Hotels,7am-6pm: $3 for 1st hr; $1.50 for for sub. ½ hr,Aft 6pm: $6 per entry,Same as wkdays,Same as wkdays
Changi Village Hotel,Hotels,8am-6pm: $2 for 1st hr; $1.50 for sub. hr,Aft 6pm: $5.35 per entry,Same as wkdays,Same as wkdays
Concorde Hotel,Hotels,7am-6pm: $2.14 for 1st hr; $1.39 for sub. ½ hr,Aft 6pm: $3.75 per entry,Same as wkdays,$3.75 per entry
Conrad Centennial Hotel,Hotels,7am-6pm: $3.30 for 1st hr; $1.10 for sub.½ hr,Aft 6pm: $2.20 per entry,$2.20 for 1st 2hrs; $1.10 for sub. hr,Same as Saturday
Copthorne King's Hotel,Hotels,7am-12am: $3 for 1st hr; $1.50 for sub ½ hr,Aft 12am: $4 for 1st hr; $2 for sub ½ hr,Same as wkdays,Same as wkdays
Copthorne Orchid Hotel,Hotels,"8am-5pm: $1.50 for 1st hr; $1 for sub. hr, per day $20)",Aft 5pm: $3 per entry,Same as wkdays,Same as wkdays
Elizabeth Hotel,Hotels,7am-5pm: $3 for 1st hr; $1.50 for sub. ½ hr,Aft 5pm: $4 per entry,$4 per entry,Same as Saturday
Four Seasons Hotel,Hotels,6am-5pm: $6 for 1st hr; $3 for sub. ½ hr,Aft 5pm: $6 per entry,Same as wkdays,Same as wkdays
Furama City Centre Singapore,Hotels,5am-5pm: $1.40 for 1st ½ hr; $1.50 for sub. ½ hr,Aft 5pm: $3 per entry,Same as wkdays,$3 per entry
Furama Riverfront Singapore,Hotels,7am-5pm: $1 per ½ hr,Aft 5pm: $6 per entry,Same as wkdays,Same as wkdays
Gallery Hotel,Hotels,"12pm-2pm: $3 for 1st hr; $1 for sub. ½ hr; $2 for 1st hr, $0.50 for sub. ½ hr from 2.01pm to 6.00pm for Mon-Thu",6pm-11.59pm: $3 for 1st hr; $1 for sub. ½ hr; $2 for 1st hr; $0.50 for sub. ½ hr  from 12am-11.59am for Mon-Thu,"6am-11.59pm: $3 for 1st hr; $0.50 for sub. ½ hr, $3 for 1st hr; $0.50 for sub. ½ hr from 12am-1.59am for Fri-Sun/PH ",$2 for 1st hr; $0.50 for sub. ½ hr from 2.01am-6am for Fri-Sun/PH
Goodwood Park Hotel,Hotels,8am-6pm: $4 for 1st hr; $2 for sub. ½ hr,Aft 6pm: $5 per entry,Same as wkdays,$5 per entry
Grand Copthorne Waterfront Hotel,Hotels,7am-5pm: $3.75 for 1st hr; $2.14 for sub. hr,Aft 5pm: $4.28 per entry,Same as wkdays,$4.28 per entry
Grand Hyatt Hotel,Hotels,4am-4.59pm: $3.21 for 1st hr; $1.07 for sub. ½ hr,Aft 5pm: $5.35 per entry,Same as wkdays,4am-3.59am: $5.35 per entry
Grand Mercure Roxy Hotel,Hotels,Daily: $1.60 per hr,-,-,-
Grand Pacific Hotel (Formerly Allson Hotel),Hotels,7am-5pm: $1.32 per ½ hr,Aft 5pm: $3.57 per entry,Same as wkdays,$3.57 per entry
Grand Park City Hall Hotel,Hotels,7am-5pm: $3.28 for 1st hr; $1.55 for sub. ½ hr,Aft 5pm: $5.35 per entry,Same as wkdays,Same as wkdays
Grand Park Orchard,Hotels,8am-5pm: $3.50 for 1st hr; $1.50 for sub. ½ hr,Aft 5pm: $5 per entry,Same as wkdays,Same as wkdays
Hilton Hotel,Hotels,8am-6pm: $7 for 1st hr,Aft 6pm: $7 per entry,Same as wkdays,$7 per entry
Holiday Inn Atrium,Hotels,7am-5pm: $1.80 per hr,Aft 5pm: $3.60 per entry,Same as wkdays,$3.60 per entry
Holiday Inn Express Singapore,Hotels,$3 per ½ hr.,$3 per ½ hr.,Same as wkdays,Same as wkdays
Holiday Inn Singapore Orchard City Centre,Hotels,$3 for 1st hr; $1.50 for sub. ½ hr,$3 for 1st hr; $1.50 for sub. ½ hr,Same as wkdays,Same as wkdays
Inter-continental Hotel,Hotels,8am-5pm: $1.07 for 1st hr; $0.37 for sub. 10mins (Car park at Parco Bugis Junction),Mon-Thu: Aft 5pm: $2.50 per entry. Fri: $2.50 for 1st 2hrs; $0.25 for sub. 10 mins,$2.50 for 1st 2hrs; $0.25 for sub. 10 mins,Same as Saturday
"klapsons, The Boutique Hotel",Hotels,6.30am to 6.30pm - first 3 hours at $3.00 and subsequent half an hour at $1.50,6.30pm to 6.30am - $ 4.00 flat,After 2pm - $4.00 flat,$4.00 flat
Landmark Village Hotel (Formally Golden Landmark Hotel),Hotels,8am-5pm: $1.90 for 1st hr; $1.07 for sub. ½ hr,Aft 5pm: $2.14 per entry,Same as wkdays,$2.14 per entry
M Hotel,Hotels,7am-6pm: $1.50 per ½ hr,Aft 6pm: $3 per entry,"Charges same as wkdays, but $3 per entry after 1pm",$3 per entry
Mandarin Orchard Singapore,Hotels,7am-6pm: $3.50 for 1st hr; $1.20 for sub. ½ hr,Aft 6pm: $6 per entry,Same as wkdays,Same as wkdays
Mandarin Oriental Hotel,Hotels,Mon-Thu: 7am-5pm: $2.20 for 1st 2hrs; $1.10 per ½ hr for sub. ½ hr (Car Park at Marina Square),Mon-Thu: 5pm-2am: $2.20 per entry; 2am-7am: $1.10 per ½ hr,Fri/Sat-Sun/PH: 7am-2am :$2.40 for 1st 2 hrs; $1.20 per hr for sub. 2hrs; $1.40 per ½ hr for sub. ½ hr after 4 hrs of parking. 2am-7am: $1.10 per ½ hr,Same as Saturday
Marina Bay Sands,Hotels,7am-7pm: $6 for 1st hr; $1 for sub. hr; (Capped at $26 every 24hrs),Aft 7pm: $6 per entry,Same as wkdays,Same as wkdays
Marina Mandarin Hotel,Hotels,Mon-Thu: 7am-5pm: $2.20 for 1st 2hrs; $1.10 per ½ hr for sub. ½ hr (Car Park at Marina Square),Mon-Thu: 5pm-2am: $2.20 per entry; 2am-7am: $1.10 per ½ hr for sub. ½ hr,Fri-Sun/PH: 7am-2am :$2.40 for 1st 2hrs; $1.20 per hr for sub. 2hrs; $1.40 per ½ hr for sub. ½ hr after 4 hrs of parking. 2am-7am: $1.10 per ½ hr for sub. ½ hr,Same as Saturday
Novotel Clarke Quay,Hotels,7am-5pm: $1.07 per hr,Aft 5pm: $3.21 per entry,7am-1pm: $1.07 per hr; Aft 1pm: $3.21 per entry,$3.21 per entry
One Fullerton,Hotels,7am-6pm: $2.50 per ½ hr,After 6pm: $5 per entry,$5 per entry,$5 per entry
Orchard Grand Court Hotel,Hotels,7am-5pm: $2.50 per hr,Aft 5pm: $3 per entry,Same as wkdays,$3 per entry
Orchard Hotel Shopping Arcade,Hotels,7am-6pm: $5 for 1st hr; $1.50 for sub. ½ hr,Aft 6pm: $5.50 per entry,Same as wkdays,$5 per entry
Orchard Parade Hotel,Hotels,7am-5pm: $4 for 1st hr; $1.50 for sub. ½ hr,Aft 6pm: $4 per entry,Same as wkdays,$4 per entry
Pan Pacific Hotel,Hotels,Mon-Thu: 7am-5pm: $2.20 for 1st 2hrs; $1.10 per ½ hr for sub. ½ hr (Car Park at Marina Square),Mon-Thu: 5pm-2am: $2.20 per entry; 2am-7am: $1.10 per ½ hr,Fri/Sat-Sun/PH: 7am-2am :$2.40 for 1st 2 hrs; $1.20 per hr for sub. 2hrs; $1.40 per ½ hr for sub. ½ hr after 4 hrs of parking. 2am-7am: $1.10 per ½ hr,Same as Saturday
Pan Pacific Orchard,Hotels,7am-5pm: $4 for 1st hr; $1.50 for sub. ½ hr,Aft 5pm: $4 per entry,Same as wkdays,$4 per entry
Paramount Hotel,Hotels,8am-5pm: $0.60 per ½ hr,Aft 5pm: $2.50 per entry,Same as wkdays,$2.50 per entry
PARKROYAL on Beach Road,Hotels,7am-5pm: Multi Storey Carpark - $2.50 for 1st hr; $1.50 for sub. ½ hr. Hotel Driveway - $6 for 1st hr; $2 for sub. ½ hr.,Aft 5pm: Multi Storey Carpark - $2.50 per entry. Hotel Driveway - $6 per entry.,Charges same as wkdays but $2.50 per entry (Multi-Storey Carpark) & $6 per entry (Hotel Driveway) after 1pm. ,Multi-Storey Carpark - $2.50 per entry. Hotel Driveway - $6 per entry.
Peninsula Excelsior Hotel,Hotels,8am-5pm: $2.60 for 1st hr; $1.50 for sub. ½ hr,Aft 5pm: $4 per entry,Same as wkdays,8am-5pm: $1.50 per hr; Aft 5pm: $4 per entry
Raffles Hotel,Hotels,12am-6pm: $3 for 1st ½ hr; $1.50 for sub. ½ hr,6pm-12am: $6 per entry,Same as wkdays,$6 per entry
Ramada Hotel,Hotels,6am-6pm: $1.60 per hr,Aft 6pm: $2.20 per entry,Same as wkdays,Same as wkdays
Regent Hotel,Hotels,7am-6pm: $5 for 1st hr; $2.50 for sub. ½ hr,Aft 6pm: $6 per entry,Same as wkdays,Same as wkdays
Rendezvous Hotel,Hotels,Daily: $3.20 for 1st 2hrs; $1.60 for sub. hr,-,-,-
Royal Plaza On Scotts,Hotels,8am-6pm: $4 for 1st hr; $1.50 for sub. ½ hr,Aft 6pm: $5.50 per entry,Same as wkdays,$5.50 per entry
Shangri-la Hotel,Hotels,7am-5pm: $6 for 1st hr; $2 for sub. ½ hr,Aft 5pm: $8 per entry,Same as wkdays,Same as wkdays
Sheraton Towers Hotel,Hotels,7am-6pm: $4 for 1st hr; $2 for sub. ½ hr,Aft 6pm: $6 per entry,Same as wkdays,$6 per entry
Singapore Marriott Hotel,Hotels,6am-6pm: $0.05 per min/$3 per hr,Aft 6pm: $0.05 per min/$3 per hr,Same as wkdays,Same as wkdays
Swissotel Merchant Court Hotel,Hotels,Daily: $4.50 for 1st hr; $1.50 for sub. ½ hr,-,-,-
Swissotel Stamford Hotel,Hotels,8am-5pm: $2 for 1st hr; $0.50 for sub. 15mins (Car park at Raffles City Shopping Centre),Aft 5pm: $2.50 per entry,$2 for 1st 2hrs; $0.30 for sub. 15mins,Same as Saturday
"The Ritz Carlton, Millenia Singapore",Hotels,7am-6pm: $3.30 for 1st hr; $1.10 for sub.½ hr,Aft 6pm: $2.20 per entry,$2.20 for 1st 2hrs; $1.10 for sub. hr,Same as Saturday
Traders Hotel,Hotels,6am-5pm: $2.40 for 1st hr; $1.20 for sub. ½ hr,Aft 5pm: $3.50 per entry,"Charges same as wkdays, but $3.50 per entry after 1pm",$3.50 per entry
York Hotel,Hotels,8.01am-6pm: $4 for 1st hr; $2 for sub. ½ hr,Aft 6pm: $5 per entry,Same as wkdays,$5 per entry
313@Somerset,Orchard Area,$2 for 1st hr; $1 for sub. ½ hr,Aft 6pm: $4.50 for 1st 3hrs; $1.50 for sub. ½ hr,Same as weekdays,$4.50 for 1st 3hrs; $1.50 for sub ½ hr
Angullia Park Off-Street,Orchard Area,$1.00 /30 mins (Per Minute Charging),$0.50 /30 mins (Per Minute Charging),0700-1700 : $1.00 per 30 mins; 1700-0700: $0.50 per 30 mins (Per Minute Charging),$0.50 /30 mins (Per Minute Charging)
Atrium @ Orchard,Orchard Area,Mon-Thurs: 12am-5.59pm: $1.07 for 1st hr; $0.32 for sub. 15mins; Fri & Eve of PH: $1.07 for 1st hr; $0.32 for sub. 15mins,Mon-Thurs: 6pm-11.59pm: $2.14 per entry; Fri & Eve of PH: 6pm-2.59am (the next day): $2.14 per entry,3am-5.59pm: $2.14 for 1st 2 hrs; $0.32 for sub. 15mins; Aft 6pm: $2.14 per entry,3am-5.59pm: $2.14 for 1st 2hrs; $0.32 for sub. 15mins.  6pm-11.59pm: $2.14 per entry
Cathay Cineleisure Orchard,Orchard Area,From 7am: $2.40 for 1st hr; $1.40 for sub. ½ hr,Aft 6pm: $4.50 for 1st 3hrs; $1.60 for sub.½ hr,From 7am: $4.50 for 1st 3hrs; $1.60 for sub. ½ hr,Same as Saturday
ComCentre (Exeter Rd),Orchard Area,7am-6pm: $3 for 1st hr; $1.50 for sub. ½ hr,6pm-6.59am: $3.50 per entry,7am-12.59pm: $3 for 1st hr; $1.50 for sub. ½ hr.  1pm-10pm: $3 for 1st 2hr; $1.20 for sub. ½ hr.,7am-10pm: $3 for 1st 2 hr; $1.20 for sub. ½ hr
Concorde Hotel,Orchard Area,7am-6pm: $2.14 for 1st hr; $1.39 for sub. ½ hr,Aft 6pm: $3.75 per entry,Same as wkdays,$3.75 per entry
Delfi Orchard,Orchard Area,8am-5pm: $3 for 1st hr; $1.93 for sub. ½ hr,5pm-11pm: $4.07 per entry (Car park closed at 11pm daily),Same as wkdays,8am-11pm: $4.07 per entry
Elizabeth Hotel,Orchard Area,7am-6pm: $4 for 1st hr; $2 for sub. ½ hr,Aft 6pm: $5 per entry,Same as wkdays,$5 per entry
Far East Plaza,Orchard Area,8am-5pm: $2.14 for 1st hr; $1.07 for sub. ½ hr.,Aft 5pm: $3.53 per entry.,Same as wkdays,$3.53 per entry.
Far East Shopping Centre,Orchard Area,8am-5pm: $2.57 per hr; $1.28 for sub. ½hr.,5pm-12am: $3.75 per entry; 12am-8am the following day: $3.75 per entry,Same as wkdays,8am-12am: $3.75 per entry; 12am-8am the folowing day : $3.75 per entry
Forum The Shopping Mall,Orchard Area,6am-5pm: $2.40 for 1st hr; $1.20 for sub. ½ hr,Aft 5pm: $3.20 per entry,"6am-5pm: $2.60 for 1st hr; $1.40 for sub. ½ hr, Aft 5pm: $3.20 per entry",$3.20 per entry
Four Seasons Hotel,Orchard Area,6am-5pm: $6 for 1st hr; $3 for sub. ½ hr,Aft 5pm: $6 per entry,Same as wkdays,Same as wkdays
Goodwood Park Hotel,Orchard Area,8am-6pm: $4 for 1st hr; $2 for sub. ½ hr,Aft 6pm: $5 per entry,Same as wkdays,$5 per entry
Grand Hyatt Singapore,Orchard Area,4am-4.59pm: $3.21 for 1st hr; $1.07 for sub. ½ hr,Aft 5pm: $5.35 per entry,Same as wkdays,4am-3.59am: $5.35 per entry
Grand Park Orchard,Orchard Area,8am-5pm: $3.50 for 1st hr; $1.50 for sub. ½ hr,Aft 5pm: $5 per entry,Same as wkdays,Same as wkdays
Grange Road Off-Street,Orchard Area,$1.00 /30 Mins (Per Minute Charging),$0.50 /30 mins (Per Minute Charging),0700-1700: $1.00 / per 30 mins. 1700-0700: $0.50 / per 30 mins (Per Minute Charging),$0.50 / 30 Mins. (Per Minute Charging)
Hilton Hotel,Orchard Area,$7 per hr.,Aft 6pm: $7 per entry,Same as wkdays,Same as wkdays
Holiday Inn Express Singapore,Orchard Area,$3 per ½ hr.,$3 per ½ hr.,Same as wkdays,Same as wkdays
Holiday Inn Singapore Orchard City Centre,Orchard Area,$3 for 1st hr; $1.50 for sub. ½ hr,$3 for 1st hr; $1.50 for sub. ½ hr,Same as wkdays,Same as wkdays
International Building,Orchard Area,Carpark not in use,Carpark not in use,Carpark not in use,Carpark not in use
ION Orchard,Orchard Area,Mon-Thu: 8am-4.59pm: $2.67 for 1st hr; $0.64 for sub. 15 mins,Mon-Thu: 5pm-11.59pm: $3 per entry. 12am-7.59am $1.07 per hr,Fri/Sat-Sun/PH: 8am-4.59pm: $2.56 for 1st hr; $0.94 for sub. 15 mins. 5-11.59pm: $3.74 per entry. 12am-7.59am $1.07 per hour,Same as Saturday
Liat Towers,Orchard Area,7am-6pm: $2.50 for 1st hr; $1.30 for sub. ½ hr,6pm-12am: $3.50 per entry,Same as wkdays,Same as wkdays
Lucky Plaza,Orchard Area,7am-4.59pm: $1.93 for 1st hr; $1.28 for sub. ½ hr,Aft 5pm: $3.38 per entry,Same as wkdays,Sun: 7am-9.59pm: $1.93 for 1st hr; $1.28 for sub. ½ hr; 10pm-6.59am: $3.38 per entry. PH: $4 per entry (Does not applies if PH falls on Sun)
Mandarin Gallery,Orchard Area,6am-6pm: $3.50 for 1st hr; $0.05 per min,6pm-6am: $3.50 for 1st hr; $0.03 per min,Same as wkdays,Same as wkdays
Meritus Mandarin Singapore,Orchard Area,6am-6pm: $3.50 for 1st hr; $1.30 for sub. ½ hr,Aft 6pm: $6 per entry,Same as wkdays,Same as wkdays
Ngee Ann City,Orchard Area,"12.01am-12pm, 2.01pm-5pm: $1.28 for ½ hr , 12.01pm-2pm: $1.82 for ½ hr",5.01pm-7pm:$1.82 for ½ hr; Aft 7pm: $4.28 per entry,"12.01am-12pm, 2.01pm-5pm: $2.57 for 1st hr; $1.61 for sub. ½ hr, 12.01pm-2pm, 5.01pm-7pm: $3.64 for 1st hr; $2.14 for sub. ½ hr, Aft 7pm: $4.28 per entry",Same as Saturday
OG Orchard Point,Orchard Area,7am-10.59pm:$2 for 1st hr or part thereof; $1.50 per sub. ½ hr or part thereof.,11pm-6.59am: $2 per ½ hr or part thereof.,Same as wkdays,Same as wkdays
Orchard Building,Orchard Area,7am-5pm: $2.20 for 1st hr; $1.20 for sub. ½ hr (Car park closed at 1am daily ),5pm-1am: $3.60 per entry,Same as wkdays,7am-5pm: $3.60 for 1st 3hrs; $1.20 for sub. ½ hr; 5pm-1am: $3.60 per entry
Orchard Central,Orchard Area,2am-6pm: $2 for 1st hr; $1 for sub. ½ hr,6pm-2am: $4.50 for 1st 3hrs; $1.50 for sub. ½ hr,Same as wkdays,2am-2am: $4.50 for 1st 3hrs; $1.50 for sub. ½ hr
Orchard Hotel Shopping Arcade,Orchard Area,7am-6pm: $5 for 1st hr; $1.50 for sub. ½ hr,Aft 6pm: $5.50 per entry,Same as wkdays,$5 per entry
Orchard Parade Hotel,Orchard Area,$4 for 1st hr; $1.50 for sub. ½ hr,$4 for 1st hr; $1.50 for sub. ½ hr,Same as wkdays,Same as wkdays
Orchard Plaza,Orchard Area,7am-5pm: $1.39 for ½ hr,Aft 5pm: $3.85 per entry for 1st 3 hrs; $1.39 for sub. ½ hr,Same as wkdays,Same as wkdays
Orchard Towers,Orchard Area,7am-5.59pm: $5 per hr,6pm-1.59am: $9 per entry. After 2am: $9 per entry,Same as wkdays,7am-1.59pm: $9 per entry. 2am-6.59pm: $9 per entry
orchardgateway,Orchard Area,12am-5.59pm: $3 for 1st 1½ hrs or part thereof; $1.50 for sub. ½ hr or part thereof.,6pm-11.59pm: $4.80 1st 2½ hrs or part thereof; $1.80 for sub. ½ hr or part thereof.,$4.80 1st 2½ hrs or part thereof; $1.80 for sub. ½ hr or part thereof.,Same as Saturday
Pacific Plaza,Orchard Area,8am-6pm: $1.50 per ½ hr,Aft 6pm: $3 for 1st 2hrs; $1 for sub. ½ hr,Same as wkdays,Same as wkdays
Palais Renaissance,Orchard Area,7am-5pm: $2.80 for 1st hr; $1.60 for sub. ½ hr,5pm-1am: $3.80 per entry; Aft 1am: $1.50 per hr,Same as wkdays,7am-1am: $3.80 per 4-hourly; 1am-7am: $1.50 per hr
Pan Pacific Orchard,Orchard Area,7am-5pm: $5 for 1st hr; $1.50 for sub. ½ hr,Aft 5pm: $5 per entry,Same as wkdays,$5 per entry
Paragon Shopping Centre,Orchard Area,3am-5.59pm: $2.58 for 1st hr; $1.48 for sub. ½ hr. Daily $2 surcharge from 9am-9pm.  Additional Peak Hr Surcharge of $1.28 from 12pm to 2:30pm daily.,Aft 6pm: $3.48 per entry. Daily $2 surcharge from 9am-9pm.,Same as wkdays,3am-5.59pm: $3.48 for 1st 2hrs; $0.05 for sub. mins. Aft 6pm: $3.48 per entry. Daily $2 surcharge from 9am-9pm.  Additional Peak Hr Surcharge of $1.28 from 12pm to 2:30pm daily.
Penang Road Off-Street,Orchard Area,$1.00 / 30 mins (Per Minute Charging),$0.50 / 30 mins (Per Minute Charging),0700-1700 : $1.00 / per 30 mins. 1700-0700: $0.50 / per 30 mins (Per Minute Charging),$0.50 / 30 mins (Per Minute Charging)
Plaza Singapura,Orchard Area,Mon-Thu:$1.07 for 1st hr; $0.32 for sub. 15mins.  Fri & Eve of PH: $2.14 for 1st 2 hr; $0.32 for sub. 15mins.,Mon-Thu: 6pm-11.59pm: $2.14 per entry; Fri & Eve of PH: 6pm-2.59am: $2.14 per entry,3am-5.59pm: $2.14 for 1st 2hrs; $0.32 for sub. 15mins; Aft 6pm: $2.14 per entry,3am-5.59pm: $2.14 for 1st 2hrs; $0.32 for sub. 15mins. 6pm-11.59pm: $2.14 per entry
Regent Hotel,Orchard Area,7am-6pm: $5 for 1st hr; $2.50 for sub. ½ hr,Aft 6pm: $6 per entry,Same as wkdays,Same as wkdays
Royal Plaza On Scotts,Orchard Area,8am-6pm: $4 for 1st hr; $1.50 for sub. ½ hr,Aft 6pm: $5.50 per entry,Same as wkdays,$5.50 per entry
Scape,Orchard Area,7am-4.59pm: $1.95 per hr,5pm-6.59am: $4.90 for 1st 3hrs; $1.95 for sub. hr,All day: $1.95 per hr or part thereof.,"7am-4.59pm: $1.95 per hr, 5pm-6.59am: $4.90 for 1st 3hrs; $1.95 for sub. hr."
Shangri-la Hotel,Orchard Area,7am-5pm: $6 for 1st hr; $2 for sub. ½ hr,Aft 5pm: $8 per entry,Same as wkdays,Same as wkdays
Shaw Centre,Orchard Area,3.01am-6pm: $2 for 1st hr; $1.50 for sub. ½ hr,6.01pm-3.01am: $4 per entry,Same as wkdays,Same as wkdays
Shaw House,Orchard Area,3.01am-6pm: $2 for 1st hr; $1.50 for sub. ½ hr,6.01pm-3.01am: $4 per entry,Same as wkdays,Same as wkdays
Sheraton Towers Singapore,Orchard Area,7am-6pm: $4 for 1st hr; $2 for sub. ½ hr,Aft 6pm: $6 per entry,Same as wkdays,$6 per entry
Singapore Marriott Hotel,Orchard Area,6am-6pm: $0.05 per min/$3 per hr,Aft 6pm: $0.05 per min,Same as wkdays,Same as wkdays
Singapore Shopping Centre,Orchard Area,8am-8pm: $2.50 for 1st hr; $1.25 for sub. ½ hr,Aft 8pm: $3 per entry,Same as wkdays,Same as wkdays
Starhub Centre,Orchard Area,7am-6pm: $2 for 1st hr; $1.50 for sub. ½ hr,"6pm-7am the following day:$2.00 for 1st hr, $1.50 for next subq 1/2hr",Same as wkdays,Same as wkdays
Tanglin Mall,Orchard Area,6am-5pm: $2.40 for 1st hr; $1.20 for sub. ½ hr,Aft 5pm: $3.50 per entry,"Charges same as wkdays, but $3.50 per entry after 1pm",$3.50 per entry
Tanglin Shopping Centre,Orchard Area,8am-5.59pm: $3 for 1st hr; $1.75 for sub. ½ hr,Aft 6pm: $3.60 per entry,Same as wkdays,$3.60 per entry
Tangs,Orchard Area,"6am-6pm: $3 for 1st hr, $0.05/min",6pm-6am the following day: $6 Per entry,Same as wkdays,Same as wkdays
The Cathay,Orchard Area,8am-9:59am: $1.40 for ½ hr; 10am-9:59pm: $1.40 per hr,Aft 10pm: $3 per entry,8am-9:59pm: $1.40 per hr; Aft 10pm: $3 per entry,Same as Saturday
The Centrepoint,Orchard Area,7am-5pm: $2 for 1st hr; $1.50 sub. ½ hr,Aft 5pm: $2 for 1st hr; $1.50 sub. hr,Same as wkdays,$2 for 1st hr; $1.50 for sub. hr
The Heeren,Orchard Area,8am-11pm: $1.50 per ½ hr,8am-11pm: $1.50 per ½ hr,8am-11pm: $5 for 1st 3 hrs and $1.50 for subseqent ½ hr,Same as Saturday
Traders Hotel,Orchard Area,6am-5pm: $2.40 for 1st hr; $1.20 for sub. ½ hr,Aft 5pm: $3.50 per entry,"Charges same as wkdays, but $3.50 per entry after 1pm",$3.50 per entry
TripleOne Somerset,Orchard Area,7am-5.59pm: $1.50 per ½ hr (charges are before GST),6pm-11.59am: $1.80 per hr; 12am-6.59am:$0.50 sub 15 mins.,7am-5.59pm: $2 for 1st hr; $0.50 sub 15 mins. 6pm-11.59am: $1.80 per hr; 12am-6.59am:$0.50 sub 15 mins.,7am-11.59pm: $1.80 per hr; 12am-6.59am:$0.50 sub 15 mins.
Wheelock Place,Orchard Area,8am-6pm: $3 for 1st hr; $1.50 for sub. ½ hr,Aft 6pm: $4.50 per entry,Same as wkdays,Same as wkdays
Winsland House,Orchard Area,7am-7pm: $2.50 for 1st hr; $1.20 for sub. ½ hr,7pm-11pm: $3.50 per entry. Aft 11pm: $3.50 per entry,Same as wkdays,7am-11pm: $4.50 per entry. Aft 11pm: $3.50 per entry
Wisma Atria,Orchard Area,7am-5pm: $2.40 for 1st hr; $1.20 for sub. ½ hr (Lunch Hr Surcharge of additional $1.07 between 12pm - 2pm),Aft 5pm: $3.50 per entry,$3.60 for 1st 2hrs; $0.80 for sub. ½ hr,Same as Saturday
York Hotel,Orchard Area,8.01am-6pm: $4 for 1st hr; $2 for sub. ½ hr,Aft 6pm: $5 per entry,Same as wkdays,$5 per entry
Changi Chapel and Museum (The Changi Museum),Singapore Attractions,Free daily,-,-,-
Chinatown Heritage Centre,Singapore Attractions,"Parking is available at the public car park adjacent to the Buddha Tooth Relic Temple, URA centre and People's Park Centre.",-,-,-
Chinese Garden,Singapore Attractions,6am-6pm: Free 1st hr; $0.50 for sub. ½ hr,Aft 6pm: $0.50 per ½ hr,Same as wkdays,Same as wkdays
Haw Par Villa,Singapore Attractions,Daily(9am-7pm): $5 per entry (Car park closed after 7pm),-,-,-
Hay Dairies Goat Farm,Singapore Attractions,Free daily: 9am-4pm,-,-,-
Jurong Bird Park,Singapore Attractions,Daily(8am-5pm): $2 per entry,-,-,-
Labrador Secret Tunnel ( Labrador Park ),Singapore Attractions,Free daily,-,-,-
Mandai Orchid Garden,Singapore Attractions,Free daily,-,-,-
Memories at Old Ford Factory,Singapore Attractions,Daily free parking at Carparks C and D,-,-,-
Mount Faber (Jewel Box),Singapore Attractions,Limited public parking spaces availiable. Valet parking at The Jewel Box is available at $5 per car,-,-,-
National Museum of Singapore,Singapore Attractions,"Limited parking facility is available at the National Museum. Other parking facilities are available at YMCA, Singapore Management University and Fort Canning Park",-,-,-
Reflections at Bukit Chandu,Singapore Attractions,Daily free parking at Carparks C and D of Pepys Road,-,-,-
Resorts World Sentosa - Universal Studios Singapore (RWS B1 car park),Singapore Attractions,Mon-Thu: 7am-7pm: $7 for 1st hr; $1 for sub. ½ hr or part thereof. (Max: $28 per 24 hrs),Aft 7pm: $6 per entry,Fri/Sat-Sun/PH: 7am-7pm: $8 for 1st hr; $2 for sub. ½ hr or part thereof.  Aft 7pm: $8 per entry (Max: $28 per 24 hrs),Same as Saturday
Royal Selangor Pewter Museum ( Park at Clarke Quay),Singapore Attractions,$2.20 for 1st hr; $1.10 for sub. ½ hr (Car park at Clarke Quay),Aft 5pm: $2.50 per entry,Same as wkdays,$2.50 per entry
Sentosa (Beach and Imbiah car park),Singapore Attractions,"7am-5pm: Island Entry: $6 per car*; Parking - $3 for 1st 4hrs; $1 for sub. hr. Except 12pm-2pm: Island Entry $2 per car*, free parking. *Rates covers all passengers in car",5.01pm-6.59am: Island entry: $2 per car*; parking - $1 per entry,7am-5pm: Island entry: $7 per car*; Parking - $5 for 1st 4 hrs; $2 for sub. hr; 5.01pm-6.59am: $3 per car*; parking - $2 per entry,Same as Saturday
Sentosa (Tanjong & Palawan car park),Singapore Attractions,"7am-5pm: Island Entry: $6 per car*; Parking - $3 for 1st 8hrs; $1 for sub. hr. Except 12pm-2pm: Island Entry $2 per car*, free parking. *Rates covers all passengers in car",5.01pm-6.59am: Island entry: $2 per car*; parking - $1 per entry,7am-5pm: Island entry: $7 per car*; Parking - $3 for 1st 8hrs; $1 for sub. hr; 5.01pm-6.59am: $3 per car*; parking - $1 per entry,Same as Saturday
Singapore Art Museum,Singapore Attractions,"Parking at SAM reserved for cars with NHB parking labels.  Nearest Carparks available at Waterloo Street, Queen Street, NTUC Income Centre, Plaza by the Park and Singapore Management University.",-,-,-
Singapore Botanic Gardens,Singapore Attractions,7am-10.30pm: $0.02 per min (8am-9am: $1 peak hr charge for all passing vehicles that enter from Kheam Hock Road and exit at Evans/Cluny Road) - Closed from 12am-5am daily,7pm-10.30pm: $2 per maximum cap,Same as wkdays,Same as wkdays
Singapore City Gallery (URA centre),Singapore Attractions,6am-10pm: $1.10 per ½ hr (per min charging) Public parking is also available at the Erskine Road Off-Street Carpark next to Maxwell Road Food Centre.,10pm-6am: $3 per entry,Same as wkdays,6am-10pm: $0.55 per ½ hr (per min charging); Aft 10pm: $3 per entry
Singapore Flyer,Singapore Attractions,6am-6pm: $2 per hr or part thereof. Free Lunchtime Parking from 12pm to 2pm (only valid for vehicles entering the multi-storey carpark after 12pm).,6pm-6am:$2 per entry.,6am-12midnight: $2 per hr or part thereof. 12midnight- 6am: $2 per entry.,Same as Saturday
Singapore Mint Coin Gallery,Singapore Attractions,Wkdays free: 8.30am-4.30pm,-,-,-
Singapore Philatelic Museum,Singapore Attractions,URA coupon parking. Nearest car park at Armenian Street between Bible House and Peranakan Museum,-,-,-
Singapore Science centre/Singapore Discovery Centre / Snow City,Singapore Attractions,Daily: $0.50 per ½ hour,-,-,-
Singapore Turf Club (STC),Singapore Attractions,Daily: $5 per entry,-,-,-
Singapore Zoological gardens/Night Safari,Singapore Attractions,Daily: $3 for 1st hr; $2 sub. hr or part thereof. 4th hour onwards: $8.00 flat rate (maximum),-,-,-
Sungei Buloh Wetland Reserve,Singapore Attractions,Daily free: 7am-7pm,-,-,-
The Arts House (Park at New Parliament House),Singapore Attractions,"Available at current Parliament House, The Adelphi and the road side along Empress Place",-,-,-
The Battle Box ( Park at Fort Canning,Singapore Attractions,URA coupon parking,-,-,-
Underwater World Singapore,Singapore Attractions,Mon-Thu: 7am-11.59pm: $7.50 for 1st 3 hrs; $5 per hr or part thereof,Mon-Thu: 12am-06.59am: $20 per entry,Fri-Sun incl. PH & Sch Holidays:7am-11.59pm: $9 for 1st 3 hrs; $5 per hr or part thereof. 12am-06.59am: $20 per entry,Fri-Sun incl. PH & Sch Holidays:7am-11.59pm: $9 for 1st 3 hrs; $5 per hr or part thereof. 12am-06.59am: $20 per entry
10 Raeburn Park,South & CBD,$1.07 per hr,"1700-2300:- $2.14 per entry, 2300-0800: $1.07 per hr","0800-1700: $1.07 per hr, 1700-2300: $2.14 per entry, 2300-0800: $1.07 per hr",$1.07 per hr
1557 Keppel Road,South & CBD,"0700-1900:$1.29 for 1st hr, $0.43 /15 mins thereafter",1900-0700: $2.14 /Entry,"0700-1300:-$1.29 for 1st hr, $0.43 per 15 mins thereafter; 1300-0700: $2.14 /Entry",$2.14 / Entry
34 Boon Leat Terrace,South & CBD,$0.80 / 30 mins,1800-2200: $2.50 per entry. 2200-0700: $4.00 per entry,0700-1300: $0.80 /30 mins. 1300-0700: $4.00 /entry,$4.00 / entry
798 Upper Bukit Timah Road,South & CBD,0000-0700: $2.14 /30 mins. 0700-0000: $1.07 /30 mins.,-,-,-
8 Shenton Way,South & CBD,7am-6pm: $2.30 per ½ hr,Aft 6pm: $2.80 per entry,Charges same as wkdays but $2.80 per entry after 1pm,$2.80 per entry
Amara Hotel,South & CBD,8am-4.59pm: $2 per ½ hr,5pm-7.59am (the following day) : $3 per entry,Same as wkdays,$3 per entry
Asia Square,South & CBD,7am-5.59pm: $0.08 per min,6pm onwards: $3 per entry,7am-6.59am (next day): $3 per entry,Same as Saturday
Bangkok Bank Building,South & CBD,7am-7pm: $2 for 1st ½ hr; $4 for sub. hr,7am-7pm: $2 for 1st ½ hr; $4 for sub. hr,Charges same as wkdays but Closed at 3pm,Closed
Bayfront Avenue,South & CBD,7am-6pm: $3 per hr,Aft 6pm: $1.20 per hr,7am-1pm: $3 per hr. Aft 1pm: $1.20 per hr,$1.20 per hr
Berjaya Hotel,South & CBD,8.30am-5pm: $1 per ½ hr,5pm-10pm: $1 per hr; Aft 10pm: Free,Same as wkdays,8.30am-10pm: $1 per hr. Aft 10pm: Free
Bugis Junction,South & CBD,8am-5pm: $1.07 for 1st hr; $0.37 for sub. 10mins,Mon-Thu: Aft 5pm: $2.50 per entry. Fri: $2.50 for 1st 2hrs; $0.37 for sub. 10 mins,$2.50 for 1st 2hrs; $0.37 for sub. 10 mins,Same as Saturday
Burlington Square,South & CBD,7am-5pm: $0.04 per min,Aft 5pm: $2.20 per entry,$0.06 per min,Same as Saturday
CapitaCommercial Trust (CCT),South & CBD,$2.05 per ½ hr,Aft 5pm: $3.10 per ½,Charges same as wkdays but $3.10 per ½ hr after 1pm,$3.10 per ½ hr
Capital Square,South & CBD,8am-6pm: $2.20 for ½ hr or part thereof.,6pm-8am: $3.20 per entry,Charges same as wkdays but $3.20 per entry after 1pm,$3.20 per entry
Capital Tower,South & CBD,7am-6pm: $2.80 per ½ hr,Aft 6pm: $3.20 per entry,Charges same as wkdays but $3.20 per entry after 1pm,$3.20 per entry
Carlton Hotel,South & CBD,7am-6pm: $3 for 1st hr; $1.50 for for sub. ½ hr,Aft 6pm: $6 per entry,Same as wkdays,Same as wkdays
Central Mall,South & CBD,6am-5pm: $2.00 for 1st hr; $1.00 for sub. ½ hr,Aft 5pm: $3.00 per entry,Same as wkdays,$3.00 per entry
Central ©,South & CBD,6am-5pm: $2.20 for 1st hr; $1.10 for sub. ½ hr or part thereof,Aft 5pm: $3.50 per entry,Same as wkdays,$3.50 per entry
Chijmes,South & CBD,8am-5.59am :$2.20 for 1st hr; $0.55 for sub. 15 mins.,"6pm-5.59am: (Valet Parking Only) Valet Charge $4 per entry, Carpark charges: $4 per hr.",Same as wkdays,Same as wkdays
China Square Central,South & CBD,8am-6pm: $1.80 per ½ hr or part thereof.,Aft 6pm: $3 per entry.  (12 midnight-6am: Closed),$3 per entry. (12 midnight-6am: Closed),Same as Saturday
Chinatown Point,South & CBD,7am-5pm: $1.20 per ½ hr,Aft 5pm: $2.50 per entry,Same as wkdays,$2.50 per entry
Clarke Quay,South & CBD,7am-11.59am; 3pm-4.59pm: $2.14 for 1st 2hrs; $1.07 for sub. hr (Free parking between 12pm-2.59pm),Aft 5pm: $2.14 for 1st hr; $1.07 for sub. hr (Cap at $5.35),7am-4.59pm: $2.14 for 1st 2hrs; $1.07 for sub. hr; Aft 5pm: $2.14 for 1st hr; $1.07 for sub. hr (Cap at $5.35),$2.68 per entry
Clifford Centre,South & CBD,6am-5pm: $5 per hr  (Car park closed at 11pm daily from Mon-Sat),5pm-11pm: $3 per entry,Same as wkdays,Same as wkdays
Conrad Centennial Singapore,South & CBD,7am-6pm: $3.30 for 1st hr; $1.10 for sub.½ hr,Aft 6pm: $2.20 per entry,$2.20 for 1st 2hrs; $1.10 for sub. hr,Same as Saturday
Copthorne King's Hotel,South & CBD,7am-12am: $3 for 1st hr; $1.50 for sub ½ hr,Aft 12am: $4 for 1st hr; $2 for sub ½ hr,Same as wkdays,Same as wkdays
Copthorne Orchid Hotel,South & CBD,"8am-5pm: $1.50 for 1st hr; $1 for sub. hr, per day $20)",Aft 5pm: $3 per entry,Same as wkdays,Same as wkdays
CPF Building Robinson Road,South & CBD,6am-5pm: $1.50 per ½ hr,Closed at 5pm. Cars remaining from 5pm onward will be charged an additional flat rate of $5,6am-1pm : $1.50 per ½ hr. Closed at 1:00pm. Cars remaining from 1:00pm onward will be charged an additional flat rate of $5,Closed
DBS Building,South & CBD,6am-7pm: $2.57 per ½ hr,Aft 7pm: $2.57 per entry,6am-1pm: $2.57 per ½ hr; aft 1pm: $2.57 per entry,$2.57 per entry
Far East Square,South & CBD,6am-4.59pm: $2.14 per ½ hr,Aft 5pm: $3.21 per entry,$3.21 per entry,$3.21 per entry
Far Eastern Bank Building,South & CBD,7am-6pm: $2.30 per ½ hr,Aft 6.30pm: $3.20 per entry,Charges same as wkdays but $3.20 per entry after 1pm,Closed
Fortune Centre,South & CBD,7am-7pm: $3.22 per hr,Aft 7pm: $3.21 per entry,Same as wkdays,Same as wkdays
Fu Lu Shou Complex,South & CBD,8am-5pm: $2.40 per hr,Aft 5pm: $2.20 per entry (Car park closed at 12.30am daily),Same as wkdays,Same as wkdays
Fullerton Hotel,South & CBD,7am-6pm: $2.20 per ½ hr,After 6pm: $5 per entry,$5 per entry,$5 per entry
Funan DigitaLife Mall,South & CBD,12am-5.59pm: $2.14 for 1st hr; $0.54 for sub. 15mins,6pm-9.59pm: $2.14 per entry,Same as wkdays,Same as wkdays
Furama City Centre Singapore,South & CBD,5am-5pm: $1.40 for 1st ½ hr; $1.50 for sub. ½ hr,Aft 5pm: $3 per entry,Same as wkdays,$3 per entry
Furama Riverfront Singapore,South & CBD,7am-5pm: $1 per ½ hr,Aft 5pm: $6 per entry,Same as wkdays,Same as wkdays
Gallery Hotel,South & CBD,"12pm-2pm: $3 for 1st hr; $1 for sub. ½ hr; $2 for 1st hr, $0.50 for sub. ½ hr from 2.01pm to 6.00pm for Mon-Thu",6pm-11.59pm: $3 for 1st hr; $1 for sub. ½ hr; $2 for 1st hr; $0.50 for sub. ½ hr  from 12am-11.59am for Mon-Thu,"6am-11.59pm: $3 for 1st hr; $0.50 for sub. ½ hr, $3 for 1st hr; $0.50 for sub. ½ hr from 12am-1.59am for Fri-Sun/PH ",$2 for 1st hr; $0.50 for sub. ½ hr from 2.01am-6am for Fri-Sun/PH
Gillman Barracks,South & CBD,$0.50 / 30 mins,From 1700: $2.00 / entry,0700-1800 - Free Parking; 1800-0700: $2/entry.,Free Parking
Golden Mile Complex,South & CBD,7am-6pm: $2 for 1st hr; $1 for sub. ½ hr,Aft 6pm: $2.20 per entry,Same as wkdays,$2.20 per entry
Golden Shoe Complex,South & CBD,7am-5pm: $2.60 per ½ hr,Aft 5pm: $3.30 per entry,Charges same as wkdays but $3.30 per entry after 1pm,$3.3 per entry
Grand Copthorne Waterfront Hotel,South & CBD,7am-5pm: $3.75 for 1st hr; $2.14 for sub. hr,Aft 5pm: $4.28 per entry,Same as wkdays,$4.28 per entry
Grand Pacific Hotel (Formerly Allson Hotel),South & CBD,7am-5pm: $1.32 per ½ hr,Aft 5pm: $3.57 per entry,Same as wkdays,$3.57 per entry
Grand Park City Hall,South & CBD,7am-5pm: $3.28 for 1st hr; $1.55 for sub. ½ hr,Aft 5pm: $5.35 per entry,Same as wkdays,Same as wkdays
Great Eastern Centre,South & CBD,8am-6pm: $1.80 per ½ hr (Car park at China square central; B2 closed from 12am-6am daily),6pm-12am: $3 per entry,8am-12am: $3 per entry,Same as Saturday
Great World City,South & CBD,6.01am-5pm: $1.55 per hr,Aft 5pm: $3.30 per entry,$1.65 per hr (Max. of $6.00 per entry),Same as Saturday
Harbourfront Centre,South & CBD,7am-6pm: $1.20 for 1st hr; $0.60 for sub. ½ hr,6pm-1am: $2.40 per entry; Aft 1am: $2.04 per hr,Same as wkdays,Same as wkdays
Holiday Inn Atrium Singapore,South & CBD,7am-5pm: $1.80 per hr,Aft 5pm: $3.80 per entry,Same as wkdays,$3.80 per entry
Hong Leong Building,South & CBD,7am-5pm: $2.50 per ½ hr,5pm-11pm: $3.10 per entry. Aft 11pm: Overnight Charge of $12,7am-1pm: $2.50 per ½ hr; 1pm-11pm: $3.10 per entry. Aft 11pm: Overnight Charge of $12,7am-11pm: $3.10 per entry. Aft 11pm: Overnight Charge of $12
Hub Synergy Point (Formerly Apex tower),South & CBD,7am-6pm: $1 per ½ hr,6pm-12am: $1 per hr,7am-2pm: $1 per ½ hr; 2pm-12am: $1 per hr,7am-12am: $1 per hr
Icon Village,South & CBD,7am-5pm: $1.50 per ½ hr,Aft 5pm: $3 per entry,7am-1pm: $3 per hr; Aft 1pm: $3 per entry,$3 per entry
Iluma,South & CBD,8am-5pm: $1.07 for 1st hr; $0.37 for sub. 10 mins,Mon-Thu: Aft 5pm: $2.50 per entry; Fri: $2.50 for 1st 2hrs; $0.25 for sub. 10 mins,$2.50 for 1st 2hrs; $0.25 for sub. 10 mins,Same as Saturday
Income At Raffles ( former Hitachi tower),South & CBD,7.30am-5.59pm: $2.75 per ½ hr,6pm to 7.29am : $3.30 per entry,7.30am-12.59pm: $2.75 per ½ hr. 1.00pm-7.29am: $3.30 per entry,7.30am-7.29am: $3.30 per entry.
Inter-continental Singapore Hotel,South & CBD,8am-5pm: $1.07 for 1st hr; $0.37 for sub. 10mins,Mon-Thu: Aft 5pm: $2.50 per entry. Fri: $2.50 for 1st 2hrs; $0.25 for sub. 10 mins,$2.50 for 1st 2hrs; $0.25 for sub. 10 mins,Same as Saturday
International Plaza,South & CBD,7am-5pm: $2.20 per ½ hr,Aft 5pm: $3 per entry,"Charges same as wkdays, but $3 per entry after 3pm ",$3 per entry
Keck Seng Tower,South & CBD,8am-6pm: $2.50 per ½ hr,6pm-10pm: $2.50 per entry,8am-2pm: $2.50 per ½ hr; 2pm-10pm: $2.50 per entry,Closed
Keppel Bay Tower / Harbourfront Tower One,South & CBD,7am-7pm: $1.05 per ½ hr,7pm-1am: $3.10 per entry; Aft 1am: $3.10 per hr,7am-1pm: $1.05 per ½ hr; 1pm-6pm: $1.20 for 1st hr; $0.60 for sub. ½ hr; 6pm-1am: $2.40 per entry; Aft 1am: $3.10 per hr,7am-6pm: $1.20 for 1st hr; $0.60 for sub. ½ hr; 6pm-1am: $2.40 per entry; Aft 1am: $3.10 per hr
Keypoint,South & CBD,$1.10 for ½ hr,$2 per entry (close at midnight),Same as wkdays,$2 per entry
"klapsons, The Boutique Hotel",South & CBD,6.30am to 6.30pm - first 3 hours at $3.00 and subsequent half an hour at $1.50,6.30pm to 6.30am - $ 4.00 flat,After 2pm - $4.00 flat,$4.00 flat
Landmark Village Hotel,South & CBD,8am-5pm: $1.90 for 1st hr; $1.07 for sub. ½ hr,Aft 5pm: $2.14 per entry,Same as wkdays,$2.14 per entry
Liang Court,South & CBD,7am-5pm: $1.07 per hr,Aft 5pm: $3.21 per entry,7am-1pm: $1.07 per hr; Aft 1pm: $3.21 per entry,$3.21 per entry
M Hotel,South & CBD,7am-6pm: $1.50 per ½ hr,Aft 6pm: $3 per entry,"Charges same as wkdays, but $3 per entry after 1pm",$3 per entry
Mandarin Oriental Hotel,South & CBD,Mon-Thu: 7am-5pm: $2.20 for 1st 2hrs; $1.10 per ½ hr for sub. ½ hr (Car Park at Marina Square),Mon-Thu: 5pm-2am: $2.20 per entry; 2am-7am: $1.10 per ½ hr,Fri/Sat-Sun/PH: 7am-2am :$2.40 for 1st 2 hrs; $1.20 per hr for sub. 2hrs; $1.40 per ½ hr for sub. ½ hr after 4 hrs of parking. 2am-7am: $1.10 per ½ hr,Same as Saturday
"Marina Bay Financial Centre Tower 1, 2 ,3 & Marina Bay Link Mall",South & CBD,6am-6pm: $1.07 per 10 mins,Aft 6pm: $3.21 for 1st 4hrs; $0.27 for sub. 10 mins,$3.21 for 1st 4hrs; $0.27 for sub. 10 mins,Same as Saturday
Marina Bay Sands,South & CBD,7am-7pm: $7 for 1st hr; $1 for sub.½ hr; (Capped at $26 every 24hrs),Aft 7pm: $7 per entry,"Sat, Sun & Eve of PH: 7am-7pm: $8 for 1st hr; $1 for sub. ½ hr; Aft 7pm: $8 per entry",Same as Saturday
Marina Mandarin Hotel,South & CBD,Mon-Thu: 7am-5pm: $2.20 for 1st 2hrs; $1.10 per ½ hr for sub. ½ hr (Car Park at Marina Square),Mon-Thu: 5pm-2am: $2.20 per entry; 2am-7am: $1.10 per ½ hr,Fri/Sat-Sun/PH: 7am-2am :$2.40 for 1st 2 hrs; $1.20 per hr for sub. 2hrs; $1.40 per ½ hr for sub. ½ hr after 4 hrs of parking. 2am-7am: $1.10 per ½ hr,Same as Saturday
Marina Square,South & CBD,Mon-Thu: 7am-5pm: $2.20 for 1st 2hrs; $1.10 per ½ hr for sub. ½ hr,Mon-Thu: 5pm-2am: $2.20 per entry; 2am-7am: $1.10 per ½ hr,Fri/Sat-Sun/PH: 7am-2am :$2.40 for 1st 2 hrs; $1.20 per hr for sub. 2hrs; $1.40 per ½ hr for sub. ½ hr after 4 hrs of parking. 2am-7am: $1.10 per ½ hr,Same as Saturday
Merchant Square,South & CBD,8am-6pm: $2 for 1st ½ hr; $1 for sub. hr,Aft 6pm: $3 per entry,$3 per entry,$3 per entry
Millenia Singapore,South & CBD,7am-6pm: $3.30 for 1st hr; $1.10 for sub.½ hr,Aft 6pm: $2.20 per entry,$2.20 for 1st 2hrs; $1.10 for sub. hr,Same as Saturday
Millenia Walk (Basement Car Park),South & CBD,7am-6pm: $3.30 for 1st hr; $1.10 for sub.½ hr,Aft 6pm: $2.20 per entry,$2.20 for 1st 2hrs; $1.10 for sub. hr,Same as Saturday
Millenia Walk (Surface parking @ L1),South & CBD,7am-6pm: $4.28 for 1st hr; $1.605 for sub. ½ hr,Aft 6pm: $4.28 for 1st 2hrs; $1.605 for sub. hr,$4.28 for 1st 2hrs; $1.605 for sub. hr,Same as Saturday
Neil Road Off-Street,South & CBD,$1.00 per 30 mins (Per Minute Charging),$0.50 per 30 mins (Per Minute Charging),0700-1700:$1.00 per 30 mins; 1700-0700: $0.50 per 30 mins (Per Minute Charging),$0.50 per 30 mins (Per Minute Charging)
North Bridge Centre,South & CBD,8am-5pm: $1.30 per ½ hr,5pm-11pm: $3 per entry,$3 per entry,$3 per entry
Novotel Clarke Quay,South & CBD,7am-5pm: $1.07 per hr,Aft 5pm: $3.21 per entry,7am-1pm: $1.07 per hr; Aft 1pm: $3.21 per entry,$3.21 per entry
OCBC centre,South & CBD,7am-6pm: $4 per hr,Aft 6pm: $3 per entry,$3 per entry,$3 per entry
One Fullerton,South & CBD,7am-6pm: $2.50 per ½ hr,Aft 6pm: $5 per entry,$5 per entry,$5 per entry
One Raffles Quay,South & CBD,6am-6pm: $1.07 per 10mins,Aft 6pm: $3.21 for 1st 4hrs; $0.27 per sub. 10 mins,$3.21 for 1st 4hrs; $0.27 per sub. 10 mins,Same as Saturday
OUB Centre,South & CBD,7am-5pm : $2.62 per ½ hr,Aft 5pm: $3.21 per entry,Same as wkdays,Same as wkdays
OUE Bayfront (Formerly Overseas Union House),South & CBD,7am-5.59pm: $0.86 per 10mins block,Aft 6pm: $3.21 per entry,7am-2.59pm: $0.86 per 10mins block. 3pm-11.59am $3.21 per entry,$3.21 per entry
Pan Pacific Hotel,South & CBD,Mon-Fri: 7am-5pm: $2.20 for 1st 2hrs; $1.10 per ½ hr for sub. ½ hr (Car Park at Marina Square),Mon-Fri: 5pm-2am: $2.20 per entry; 2am-7am: $1.10 per ½ hr,7am-2am :$2.40 for 1st 2 hrs; $1.20 per hr for sub. 2hrs; $1.20 per ½ hr for sub. ½ hr after 4 hrs of parking. 2am-7am: $1.10 per ½ hr,Same as Saturday
Parklane Shopping Mall,South & CBD,7am-7pm: $2.50 for 1st hr; $1.25 for sub. ½ hr,7pm-12am: $2.50 per entry. Aft 12am: $2.50 per entry,Same as wkdays,7am-12am: $3 per entry
PARKROYAL on Beach Road,South & CBD,7am-5pm: Multi Storey Carpark - $2.50 for 1st hr; $1.50 for sub. ½ hr. Hotel Driveway - $6 for 1st hr; $2 for sub. ½ hr.,Aft 5pm: Multi Storey Carpark - $2.50 per entry. Hotel Driveway - $6 per entry.,Charges same as wkdays but $2.50 per entry (Multi-Storey Carpark) & $6 per entry (Hotel Driveway) after 1pm. ,Multi-Storey Carpark - $2.50 per entry. Hotel Driveway - $6 per entry.
Pearl's Centre,South & CBD,8.30am-5pm: $1.20 per ½ hr (max $22.90),Aft 5pm: $2.50 per entry,Same as wkdays,$2.50 per entry
Peninsula Excelsior Hotel,South & CBD,8am-5pm: $2.60 for 1st hr; $1.50 for sub. ½ hr,Aft 5pm: $4 per entry,Same as wkdays,8am-5pm: $1.50 per hr; Aft 5pm: $4 per entry
Peninsular Plaza,South & CBD,Season Parking Only,Season Parking Only,Season Parking Only,Season Parking Only
People's Park Centre,South & CBD,7am-5pm: $1.50 per ½ hr,Aft 5pm: $2.50 per entry,Same as wkdays,Same as wkdays
PoMo (Fomerly Paradiz Centre),South & CBD,8am-5pm: $1.25 per ½ hr,Aft 5pm: $2.95 per entry,Same as wkdays,$2.95 per entry
PWC Building,South & CBD,8am-6pm: $2.20 per ½ hr,Aft 6pm: $3 per entry,$3 per entry,Closed
Raffles City,South & CBD,8am-5.59pm: $2.20 for 1st hr; $0.55 for sub. 15mins,6pm-7.59am: $3 per entry,"$2.20 for 1st 2hrs, $0.40 for sub. 15mins for 3rd and 4th hr, $0.60 for sub. 15mins for 5th hr onwards.",Same as Saturday
Raffles Hotel,South & CBD,12am-6pm: $3 for 1st ½ hr; $1.50 for sub. ½ hr,6pm-12am: $6 per entry,Same as wkdays,$6 per entry
Republic Plaza,South & CBD,7am-5pm: $3 per ½ hr,Aft 5pm: $3 per entry,"Charges same as wkdays, but $3 per entry after 12pm",$3 per entry
Resorts World Sentosa,South & CBD,Mon-Thu: 7am-7pm: $7 for 1st hr; $1 for sub. ½ hr or part thereof. (Max: $28 per 24 hrs),Aft 7pm: $6 per entry,Fri/Sat-Sun/PH: 7am-7pm: $8 for 1st hr; $2 for sub. ½ hr or part thereof.  Aft 7pm: $8 per entry (Max: $28 per 24 hrs),Same as Saturday
Robertson Walk,South & CBD,6am-6pm: $1.50 for 1st hr or part thereof; $0.50 for sub. ½ hr or part thereof.,Aft 6pm: $4 per entry,Same as wkdays,$4 per entry
Robinson 77 (Formerly SIA Building),South & CBD,7am-5pm: $2.4 per ½ hr,5pm-11pm: $2.4 per entry,"Charges same as wkdays, but $2.4 per entry after 2pm ",$2.4 per entry
Robinson Centre,South & CBD,8am-5pm: $2 per ½ hr,Aft 5pm: $3 per entry,"Charges same as wkdays, but $2 per entry after 1pm ",Same as Saturday
"School of the Arts, Singapore (SOTA)",South & CBD,7.00am-5.59pm: $2.50 per hr,6pm-2am (the next day): $5 per entry. 2.01am-6.59am: $5 (additional flat fee for overnight parking),7am-5.59pm: $2.50 per hr. 6pm-2am (the next day): $5 per entry. 2.01am-6.59am: $5 (additional flat fee for overnight parking),Same as Saturday
SGX Centre,South & CBD,7am-5pm: $2.50 per ½ hr,5pm-10pm: $3 per entry (The car park closed at 10pm daily),7am-10pm: $3 per entry,Same as Saturday
Shenton House,South & CBD,8am-5.30pm: $3 per ½ hr,Aft 5.30pm: $3 per entry,"Charges same as wkdays, but $3 per entry after 2pm ",$3 per entry 
Sim Lim Square,South & CBD,3:30am-6pm: $0.05 per min,Aft 6pm: $2 per entry (1st hr Free parking from 6pm-10pm daily inclusive of PH),Same as wkdays,Same as wkdays
Sim Lim Tower,South & CBD,8am-6pm: $1.50 per ½ hr,Aft 6pm: $3 per entry,Same as wkdays,$3 per entry
"Singapore General Hospital (Carpark C, E, G & I)",South & CBD,7am-9.59pm: $0.036 per min/$2.16 per hr,10pm-6.59am: $2.14 per entry,Same as wkdays,7am-9.59pm: $0.018 per min/$1.08 per hr; Aft 10pm: $2.14 per entry
Singapore General Hospital (Multi-Storey Carpark H),South & CBD,7am-9.59pm: $0.018 per min/$1.08 per hr,10pm-6.59am: $2.14 per entry,Same as wkdays,$2.14 per entry
Singapore Land Tower,South & CBD,For Tenants only,-,-,-
Six Battery Road,South & CBD,7am-6pm: $3.10 per ½ hr,Aft 6pm: $3.70 per entry,"Charges same as wkdays, but $3.70 per entry after 1pm ",$3.70 per entry
Sunshine Plaza,South & CBD,7am-6pm: $1.07 per ½ hr,Aft 6pm: $3.21 per entry,Same as wkdays,Same as wkdays
Suntec City,South & CBD,7am-5pm: $2.20 for 1st hr; $1.10 for sub. ½ hr (excluding PH),5pm-12am:$2.20 per entry; Aft 12am:$1.10 per hr,$1.10 per hr,Same as Saturday
Swissotel Merchant Court Hotel,South & CBD,Daily: $4.50 for 1st hr; $3 for sub. hr,-,-,-
Swissotel The Stamford Hotel,South & CBD,8am-5pm: $2 for 1st hr; $0.50 for sub. 15mins (Car park at Raffles City Shopping Centre),Aft 5pm: $2.50 per entry,$2 for 1st 2hrs; $0.30 for sub. 15mins,Same as Saturday
Tanjong Katong Complex,South & CBD,HDB coupon parking,HDB coupon parking,HDB coupon parking,HDB coupon parking
The Adelphi,South & CBD,6am-5pm: $2.40 for 1st hr; $1.20 for sub. ½ hr,5pm-1am: $3.21 per entry,Same as wkdays,6am-1am: $3.21 per entry
The Concourse,South & CBD,7am-5pm: $2.14 for 1st hr; $1.07 for sub. ½ hr,Aft 5pm: $2.14 per entry,"Charges same as wkdays, but $1.07 per entry after 12pm ",$1.07 per entry
The Corporate Office,South & CBD,7am-5pm: $4 per hr,Aft 5pm: $2.50 per entry,Same as wkdays,Closed
The Esplanade,South & CBD,6am-6pm: $2 per hr ($1.50 per ½ hr at Waterfront car park daily) 12pm-2pm $2 per entry,6pm-10pm: $6 per entry; Aft 10pm: $2 per entry,6am-6pm: $2 per hr ($1.50 per ½ hr at Waterfront car park daily),Same as Saturday
UE Square,South & CBD,8am-5pm: $2.00 for 1st hr; $1 for sub. hr,Aft 5pm: $3 per entry,8am-1pm: $2.00 for 1st hr; $1 for sub. hr; Aft 11pm: $3 per entry,$3 per entry
UOB Plaza,South & CBD,7am-6pm: $2.50 per ½ hr,6pm-12am: $3.50 per entry. Aft 12am: $3.50 per entry,7am-12am: $3.50 per entry. Aft 12am $3.50 per entry,Same as Saturday
Vivocity,South & CBD,7am-6pm: $1.20 for 1st hr; $0.60 for sub. ½ hr,6.01pm-4am: $3 per entry; Aft 4am: $2.50 per hr,7am-6pm: $1.40 for 1st hr; $0.70 for sub. ½ hr; 6.01pm-4am: $3.50 per entry; Aft 4am: $2.50 per hr,Same as Saturday
27 West Coast Highway,West,0000-0700: $0.75 / 30 mins (Capped at $4.28). 0700-2000: $0.75 / 30 mins (Capped at $4.28),-,-,-
798 Upper Bukit Timah Road,West,0000-0700: $2.14 /30 mins. 0700-0000: $1.07 /30 mins.,-,-,-
Alexandra Retail Centre,West,7am to 6pm: $2/hr or part thereof.,6pm to 12mn: $2.40/entry; 12 mn to 7am: $2.40/hr or part thereof.,7am to 10am: $2/hr or part thereof; 10am to 12mn: $2.40/entry; 12 mn to 7am: $2.40/hr or part thereof.,7am to 12mn: $2.40/entry; 12 mn to 7am: $2.40/hr or part thereof.
Anchorpoint Shopping Centre,West,8am-6.59pm: $1 for 1st ½ hr or part thereof; $2 for sub hr or part thereof.,7pm-7.59am: $2.50 per entry.,Same as wkdays,Same as wkdays
Bukit Panjang Plaza,West,"12am to 6pm :$1.07 for 1st hr, $0.32/min for sub.min.",6pm-12am: $2.14 per entry,"12am to 6pm :$2.14 for 1st 2 hr, $0.32 for sub 15mins",Same as Saturday
Bukit Timah Plaza (Multi-Storey Car Park),West,7.30am-5pm: $1.28 per hr,5pm-12am: $2.25 per entry. Aft 12am: $2.25 per entry,Same as wkdays,Same as wkdays
Bukit Timah Shopping Centre,West,8am-5pm: $1.25 per hr,Aft 5pm: $2.10 per entry,Same as wkdays,Same as wkdays
Coronation Shopping Plaza,West,Daily(7.01am-7am): $2 per hr.,-,-,-
Holland Road Shopping Centre,West,12am-8.59pm: $1.55 per ½ hr,Aft 9pm: $3.25 per entry,Same as wkdays,Same as wkdays
IKEA (Alexandra),West,"Daily :$0.05 per min, $1.50 per 30 Mins (subsequently charged on a per minute basis)",-,-,-
IMM Building,West,Free for 1st 2hrs for first entry only. Chargeable after 2nd hr of 1st entry @ $1.07 /hr; $0.30 for sub. 15 mins.,-,-,-
JCube,West,3.30am-5.59pm: $1.30 for 1st hr; sub 15 mins or part thereof: $0.30. *Free 2 Hour Parking from 12 - 2pm daily (Monday - Friday) from now to 15 Oct 2015.,6pm-3.29am: $2.50 per entry,Same as wkdays,Same as wkdays
Junction 10,West,$1.25 for 1st hr; $0.65 for sub. hr,-,Same as wkdays,Same as wkdays
Jurong Point Shopping Centre,West,7am-5pm: $1.07 for 1st 2hrs; $1.07 for sub. hr (Free parking from 12pm-2pm on Monday-Thursday),5pm-9pm: $2.14 for 1st 2hrs; $1.07 for sub. hr; Aft 9pm: $1.07 for 1st 3hrs; $1.07 for sub. hr,$2.14 for 1st 2hrs; $1.07 for sub. hr; Aft 9pm: $1.07 for 1st 3hrs; $1.07 for sub. hr,Same as Saturday
Jurong Theatre,West,8am-8.59pm: $1.60 per hr,Aft 9pm: $3 per entry,Same as wkdays,$3 per entry
Lot 1 Shopping Centre,West,12am-5.59pm: $1.07 for 1st hr; $0.32 for sub. 15 mins.,"Mon-Thurs, 6pm-11.59pm: $2.14 per entry. Fri & Eve of PH, 6pm-2.59am: $2.14 per entry.",3am-5.59pm: $2.14 for 1st 2-hrs; $0.32 for sub. 15 mins. 6pm-2.59am: $2.14 per entry.,3am-5.59pm: $2.14 for 1st 2-hrs; $0.32 for sub. 15 mins. 6pm-11.59am: $2.14 per entry.
NUH,West,Daily: $0.03 per min,-,-,-
Queensway Shopping Centre,West,8am-6pm: $2 for 1st 1½hr; $1.20 for sub. ½ hr,Aft 6pm: $2.30 per entry,8am-6pm: $1.50 for 1st 1hr; $1.20 for sub. ½ hr; Aft 6pm: $2.30 per entry,Same as wkdays
Savoy Theatre,West,8am-5pm: $1.20 per hr,Aft 5pm: $3.00 per entry,Same as wkdays,$3.00 per entry
Serene Centre,West,8am-10pm: $1.53 for 1st hr; $1.53 for sub. ½ hr,Aft 10pm: $1.53 per entry,Same as wkdays,Same as wkdays
Sunshine Place,West,HDB coupon parking,HDB coupon parking,HDB coupon parking,HDB coupon parking
The Clementi Mall,West,Daily: $1.50 for 1st hr; $0.80 for sub. ½ hr,-,-,-
The Metropolis,West,"6am-6pm: $2.50 for 1st hr, sub $1.25 per 1/2 hr",Time period 1: 6pm-12am: $2.50 per entry; Time period 2: 12am-6am: $2.50 per entry,6am - 6pm: $1.00 per hour or part thereof; Aft 6pm same as wkdays,6am - 6pm: $1.00 per hour or part thereof; Aft 6pm same as wkdays
The Star Vista,West,"12am-11.59pm:$1.30 for 1st hr, $0.65 for sub. 30 mins or part thereof.","$1.30 for 1st hr, $0.65 for sub. 30 mins or part thereof.",Sat & PH: Same as wkdays,"Sun:12am-11.59pm: $2.14 for 1st hr, $1.07 for sub. 30 mins or part thereof."
Tiong Bahru Plaza,West,$1.50 for 1st hr; $0.80 for sub. ½ hr,$1.50 for 1st hr; $0.80 for sub. ½ hr,Same as wkdays,7am-6pm:$1.50 per hr; Aft 6pm: $3.60 per entry
Turf City,West,Daily: Free parking,-,-,-
Valley Point,West,Daily: $1.50 for 1st hr; $0.80 for sub. ½ hr,-,-,-
West Coast Plaza (Ginza Plaza),West,$1.25 for 1st hr; $1.00 for sub. ½ hr,$1.25 for 1st hr; $1.00 for sub. ½ hr,$1.50 for 1st hr; $1.00 for sub. ½ hr,Same as Saturday
West Mall,West,6am-5pm : $1.10 for 1st 2hrs or part thereof; $0.60 for sub. ½ hr or part thereof.,5pm-6am: $2.50 per entry.,6am-5pm: $1.10 for 1st hr or part thereof; $0.60 for sub. ½ hr or part thereof; 5pm-6am: $2.50 per entry.,6am-6am next day: $2.50 per entry.
Westgate,West,Daily: $1.30 for 1st hr; $0.50 for sub. 15 mins,6pm - 11.59pm: $2.50 per entry,Same as wkdays,Same as wkdays
Yew Tee Point,West,Daily: $1.18 for 1st hr; $0.64 for sub. ½ hr or part thereof.,-,-,-
